time_s,position_mm,model_velocity_mm_s,envelope_mm
0,0.0506,33.9292,12
0.1,3.2761,31.7964,11.8569
0.2,6.247,27.2147,11.7154
0.3,8.748,20.6024,11.5757
0.4,10.3406,12.5274,11.4376
0.5,11.0981,3.6592,11.3012
0.6,11.0338,-5.2864,11.1664
0.7,10.1424,-13.6043,11.0332
0.8,8.388,-20.6556,10.9016
0.9,6.0385,-25.9159,10.7715
1,3.3384,-29.0143,10.643
1.1,0.3473,-29.7585,10.5161
1.2,-2.5711,-28.1458,10.3907
1.3,-5.2325,-24.3589,10.2667
1.4,-7.4578,-18.7469,10.1442
1.5,-8.9641,-11.7944,10.0232
1.6,-9.726,-4.0797,9.9037
1.7,-9.6735,3.7728,9.7855
1.8,-8.984,11.1426,9.6688
1.9,-7.5991,17.4616,9.5535
2,-5.5326,22.2582,9.4395
2.1,-3.1231,25.1914,9.3269
2.2,-0.556,26.0748,9.2157
2.3,1.9962,24.8875,9.1058
2.4,4.4022,21.7721,8.9971
2.5,6.3486,17.0191,8.8898
2.6,7.7109,11.0409,8.7838
2.7,8.4361,4.3367,8.679
2.8,8.5046,-2.5495,8.5755
2.9,8.0347,-9.0719,8.4732
3,6.7495,-14.7266,8.3721
3.1,5.1132,-19.0895,8.2723
3.2,2.9399,-21.8484,8.1736
3.3,0.7234,-22.8244,8.0761
3.4,-1.5158,-21.9831,7.9797
3.5,-3.5221,-19.4337,7.8846
3.6,-5.3303,-15.4171,7.7905
3.7,-6.6492,-10.2839,7.6976
3.8,-7.3585,-4.464,7.6058
3.9,-7.5438,1.5688,7.515
4,-7.0049,7.3352,7.4254
4.1,-6.0049,12.3883,7.3368
4.2,-4.558,16.3477,7.2493
4.3,-2.8305,18.9281,7.1628
4.4,-0.8376,19.9595,7.0774
4.5,1.1555,19.3975,6.993
4.6,2.8774,17.324,6.9096
4.7,4.4875,13.9378,6.8271
4.8,5.6922,9.5364,6.7457
4.9,6.4099,4.4897,6.6652
5,6.5316,-0.7903,6.5857
5.1,6.2607,-5.8829,6.5072
5.2,5.374,-10.3923,6.4296
5.3,4.1595,-13.9779,6.3529
5.4,2.7028,-16.3796,6.2771
5.5,0.9231,-17.4369,6.2022
5.6,-0.7182,-17.0984,6.1282
5.7,-2.3962,-15.4238,6.0551
5.8,-3.8823,-12.5766,5.9829
5.9,-4.8392,-8.8082,5.9115
6,-5.6013,-4.4368,5.841
6.1,-5.7033,0.1797,5.7714
6.2,-5.4653,4.6725,5.7025
6.3,-4.8304,8.6916,5.6345
6.4,-3.8798,11.9321,5.5673
6.5,-2.5215,14.1578,5.5009
6.6,-1.0685,15.2178,5.4353
6.7,0.5712,15.0565,5.3704
6.8,1.9248,13.7154,5.3064
6.9,3.2577,11.328,5.2431
7,4.1959,8.1067,5.1805
7.1,4.8206,4.3246,5.1187
7.2,5.0792,0.2922,5.0577
7.3,4.8626,-3.6675,4.9973
7.4,4.3036,-7.2451,4.9377
7.5,3.4691,-10.1682,4.8788
7.6,2.2761,-12.2228,4.8206
7.7,1.0688,-13.2678,4.7631
7.8,-0.3246,-13.2451,4.7063
7.9,-1.5151,-12.1818,4.6502
8,-2.7421,-10.1861,4.5947
8.1,-3.519,-7.437,4.5399
8.2,-4.1363,-4.1685,4.4858
8.3,-4.4572,-0.6498,4.4322
8.4,-4.2998,2.8364,4.3794
8.5,-3.7946,6.0171,4.3271
8.6,-3.1804,8.6493,4.2755
8.7,-2.1801,10.5392,4.2245
8.8,-1.0798,11.5559,4.1741
8.9,0.1784,11.64,4.1243
9,1.328,10.8072,4.0751
9.1,2.3004,9.1445,4.0265
9.2,3.0321,6.8025,3.9785
9.3,3.5859,3.9813,3.9311
9.4,3.8063,0.914,3.8842
9.5,3.768,-2.1524,3.8378
9.6,3.4633,-4.9768,3.792
9.7,2.802,-7.3431,3.7468
9.8,1.9524,-9.0761,3.7021
9.9,1.0145,-10.0544,3.658
10,-0.0295,-10.2193,3.6143
10.1,-0.9331,-9.5769,3.5712
10.2,-1.8253,-8.1969,3.5286
10.3,-2.5738,-6.2053,3.4865
10.4,-3.1413,-3.7732,3.4449
10.5,-3.3772,-1.1021,3.4038
10.6,-3.3181,1.5922,3.3632
10.7,-3.1066,4.0975,3.3231
10.8,-2.4987,6.2213,3.2835
10.9,-1.7803,7.8057,3.2443
11,-1.0274,8.7389,3.2056
11.1,-0.0454,8.9631,3.1674
11.2,0.8324,8.4774,3.1296
11.3,1.5482,7.3367,3.0923
11.4,2.1849,5.6465,3.0554
11.5,2.7556,3.5524,3.0189
11.6,2.9712,1.2288,2.9829
11.7,2.8925,-1.1364,2.9474
11.8,2.7454,-3.3561,2.9122
11.9,2.2993,-5.2593,2.8775
12,1.6086,-6.704,2.8431
12.1,1.0066,-7.5875,2.8092
12.2,0.1817,-7.8536,2.7757
12.3,-0.6235,-7.496,2.7426
12.4,-1.3386,-6.5576,2.7099
12.5,-1.9413,-5.126,2.6776
12.6,-2.3871,-3.3255,2.6456
12.7,-2.5848,-1.3062,2.6141
12.8,-2.6236,0.7679,2.5829
12.9,-2.4293,2.7324,2.5521
13,-2.0898,4.4356,2.5216
13.1,-1.5077,5.7497,2.4916
13.2,-0.9186,6.5806,2.4618
13.3,-0.2606,6.8746,2.4325
13.4,0.4834,6.6212,2.4035
13.5,1.0992,5.8533,2.3748
13.6,1.6502,4.6436,2.3465
13.7,2.0559,3.0975,2.3185
13.8,2.2532,1.3445,2.2908
13.9,2.303,-0.4725,2.2635
14,2.1388,-2.2093,2.2365
14.1,1.8763,-3.7313,2.2098
14.2,1.4362,-4.9238,2.1835
14.3,0.8747,-5.701,2.1574
14.4,0.3155,-6.0117,2.1317
14.5,-0.3377,-5.8424,2.1062
14.6,-0.8174,-5.2179,2.0811
14.7,-1.2978,-4.198,2.0563
14.8,-1.743,-2.8723,2.0318
14.9,-1.9523,-1.3523,2.0075
15,-2.0502,0.238,1.9836
15.1,-1.9117,1.7719,1.9599
15.2,-1.6939,3.1301,1.9365
15.3,-1.321,4.2101,1.9134
15.4,-0.7387,4.9335,1.8906
15.5,-0.3178,5.2519,1.8681
15.6,0.2934,5.1499,1.8458
15.7,0.6629,4.6456,1.8238
15.8,1.2056,3.788,1.802
15.9,1.4663,2.653,1.7805
16,1.6705,1.3363,1.7593
16.1,1.7326,-0.0541,1.7383
16.2,1.7202,-1.4073,1.7176
16.3,1.4937,-2.6179,1.6971
16.4,1.213,-3.5939,1.6768
16.5,0.7372,-4.2643,1.6568
16.6,0.3393,-4.5835,1.6371
16.7,-0.098,-4.5349,1.6175
16.8,-0.5286,-4.131,1.5982
16.9,-0.9904,-3.4119,1.5792
17,-1.2163,-2.4417,1.5603
17.1,-1.3813,-1.3025,1.5417
17.2,-1.4901,-0.088,1.5233
17.3,-1.5361,1.1046,1.5052
17.4,-1.3044,2.1822,1.4872
17.5,-1.0656,3.0626,1.4695
17.6,-0.6934,3.6814,1.4519
17.7,-0.371,3.9962,1.4346
17.8,0.0772,3.9893,1.4175
17.9,0.4115,3.6691,1.4006
18,0.8542,3.068,1.3839
18.1,1.1094,2.24,1.3674
18.2,1.3205,1.2555,1.3511
18.3,1.294,0.1957,1.335
18.4,1.3089,-0.8543,1.319
18.5,1.1217,-1.8123,1.3033
18.6,0.9801,-2.6051,1.2878
18.7,0.5784,-3.1744,1.2724
18.8,0.3768,-3.4806,1.2572
18.9,-0.0685,-3.5059,1.2422
19,-0.3343,-3.2551,1.2274
19.1,-0.6561,-2.7543,1.2128
19.2,-0.8618,-2.0489,1.1983
19.3,-1.112,-1.1991,1.184
19.4,-1.1639,-0.2753,1.1699
19.5,-1.0828,0.6483,1.1559
19.6,-1.0137,1.499,1.1421
19.7,-0.7765,2.2117,1.1285
19.8,-0.5462,2.7337,1.1151
19.9,-0.307,3.0283,1.1018
20,-0.0631,3.078,1.0886
20.1,0.2681,2.8845,1.0756
20.2,0.543,2.4689,1.0628
20.3,0.7785,1.869,1.0501
20.4,1.0047,1.1365,1.0376
20.5,0.9565,0.332,1.0252
20.6,0.968,-0.4796,1.013
20.7,0.9595,-1.2342,1.0009
20.8,0.7741,-1.8738,0.989
20.9,0.5906,-2.351,0.9772
21,0.3021,-2.6321,0.9655
21.1,-0.0135,-2.6996,0.954
21.2,-0.2491,-2.5533,0.9426
21.3,-0.4286,-2.2098,0.9314
21.4,-0.6371,-1.7007,0.9203
21.5,-0.7524,-1.07,0.9093
21.6,-0.8757,-0.3701,0.8984
21.7,-0.9111,0.3423,0.8877
21.8,-0.7696,1.0108,0.8771
21.9,-0.7431,1.5841,0.8667
22,-0.4534,2.0192,0.8563
22.1,-0.2654,2.2853,0.8461
22.2,-0.0895,2.3654,0.836
22.3,0.1667,2.2577,0.8261
22.4,0.4593,1.9751,0.8162
22.5,0.5104,1.5439,0.8065
22.6,0.7053,1.0016,0.7968
22.7,0.7434,0.3934,0.7873
22.8,0.7796,-0.2313,0.7779
22.9,0.774,-0.823,0.7687
23,0.5528,-1.336,0.7595
23.1,0.4873,-1.7318,0.7504
23.2,0.2313,-1.982,0.7415
23.3,0.0979,-2.0706,0.7326
23.4,-0.0823,-1.9943,0.7239
23.5,-0.3549,-1.763,0.7153
23.6,-0.5411,-1.3986,0.7067
23.7,-0.6101,-0.9329,0.6983
23.8,-0.6628,-0.405,0.69
23.9,-0.6623,0.1423,0.6817
