timestamp_UTC,temperature_C,relative_humidity_pct,soil_moisture_pct,event
2026-10-01T00:00:00Z,19.969,81.846,29.919,routine
2026-10-01T00:30:00Z,20.104,83.702,30.141,routine
2026-10-01T01:00:00Z,19.876,84.249,29.922,routine
2026-10-01T01:30:00Z,19.551,83.574,29.865,routine
2026-10-01T02:00:00Z,19.517,83.5,,sensor outage
2026-10-01T02:30:00Z,19.83,84.472,29.543,routine
2026-10-01T03:00:00Z,19.685,83.136,29.339,routine
2026-10-01T03:30:00Z,,82.317,29.361,sensor outage
2026-10-01T04:00:00Z,,82.117,29.362,sensor outage
2026-10-01T04:30:00Z,,82.25,29.523,sensor outage
2026-10-01T05:00:00Z,20.505,79.862,29.379,routine
2026-10-01T05:30:00Z,20.765,78.81,29.015,routine
2026-10-01T06:00:00Z,21.458,78.109,29.148,routine
2026-10-01T06:30:00Z,21.83,77.1,29.012,routine
2026-10-01T07:00:00Z,22.179,,28.956,sensor outage
2026-10-01T07:30:00Z,22.8,,28.707,sensor outage
2026-10-01T08:00:00Z,23.021,71.28,28.902,routine
2026-10-01T08:30:00Z,23.629,70.3,28.797,routine
2026-10-01T09:00:00Z,24.051,69.404,28.722,routine
2026-10-01T09:30:00Z,24.057,67.496,28.498,routine
2026-10-01T10:00:00Z,24.831,65.992,28.505,routine
2026-10-01T10:30:00Z,25.209,65.411,28.442,routine
2026-10-01T11:00:00Z,25.418,63.5,28.125,routine
2026-10-01T11:30:00Z,25.661,62.91,28.086,routine
2026-10-01T12:00:00Z,25.925,61.168,34.107,watering
2026-10-01T12:30:00Z,26.099,60.515,33.922,routine
2026-10-01T13:00:00Z,26.485,60.218,33.92,routine
2026-10-01T13:30:00Z,26.35,59.48,33.772,routine
2026-10-01T14:00:00Z,26.204,59.21,33.695,routine
2026-10-01T14:30:00Z,26.233,60.396,33.461,routine
2026-10-01T15:00:00Z,26.156,60.828,33.48,routine
2026-10-01T15:30:00Z,26.001,61.618,33.476,routine
2026-10-01T16:00:00Z,25.978,61.128,33.421,routine
2026-10-01T16:30:00Z,25.55,62.68,33.185,routine
2026-10-01T17:00:00Z,25.193,62.896,33.363,routine
2026-10-01T17:30:00Z,25.219,65.039,32.995,routine
2026-10-01T18:00:00Z,24.787,66.745,32.966,routine
2026-10-01T18:30:00Z,24.251,66.653,32.837,routine
2026-10-01T19:00:00Z,23.84,68.152,32.729,routine
2026-10-01T19:30:00Z,23.583,71.164,32.801,routine
2026-10-01T20:00:00Z,,71.972,32.834,sensor outage
2026-10-01T20:30:00Z,,73.862,32.922,sensor outage
2026-10-01T21:00:00Z,22.21,75.762,32.805,routine
2026-10-01T21:30:00Z,21.793,77.181,32.81,routine
2026-10-01T22:00:00Z,21.376,77.904,32.607,routine
2026-10-01T22:30:00Z,21.021,78.733,32.272,routine
2026-10-01T23:00:00Z,20.837,80.723,32.246,routine
2026-10-01T23:30:00Z,20.123,80.954,,sensor outage
2026-10-02T00:00:00Z,20.084,82.029,,sensor outage
2026-10-02T00:30:00Z,19.696,82.963,,sensor outage
2026-10-02T01:00:00Z,19.952,83.051,31.846,routine
2026-10-02T01:30:00Z,19.682,84.354,31.79,routine
2026-10-02T02:00:00Z,19.432,,31.648,sensor outage
2026-10-02T02:30:00Z,19.815,84.679,31.603,routine
2026-10-02T03:00:00Z,19.658,83.411,31.687,routine
2026-10-02T03:30:00Z,19.65,83.764,31.798,routine
2026-10-02T04:00:00Z,19.925,82.879,31.521,routine
2026-10-02T04:30:00Z,20.132,81.688,31.558,routine
2026-10-02T05:00:00Z,20.824,81.274,31.441,routine
2026-10-02T05:30:00Z,20.748,78.545,31.042,routine
2026-10-02T06:00:00Z,21.484,77.393,31.35,routine
2026-10-02T06:30:00Z,21.887,75.857,30.916,routine
2026-10-02T07:00:00Z,22.083,74.508,31.147,routine
2026-10-02T07:30:00Z,22.331,74.28,31.011,routine
2026-10-02T08:00:00Z,22.968,71.998,30.84,routine
2026-10-02T08:30:00Z,23.614,70.852,31.018,routine
2026-10-02T09:00:00Z,23.995,69.372,30.945,routine
2026-10-02T09:30:00Z,24.08,67.699,30.46,routine
2026-10-02T10:00:00Z,24.773,65.51,37.475,watering
2026-10-02T10:30:00Z,25.158,63.983,37.555,routine
2026-10-02T11:00:00Z,25.47,63.965,37.336,routine
2026-10-02T11:30:00Z,25.905,63.027,37.508,routine
2026-10-02T12:00:00Z,25.939,62.3,37.132,routine
2026-10-02T12:30:00Z,26.037,60.498,37.357,routine
2026-10-02T13:00:00Z,26.229,59.785,37.184,routine
2026-10-02T13:30:00Z,26.251,59.536,37.142,routine
2026-10-02T14:00:00Z,26.319,60.713,36.835,routine
2026-10-02T14:30:00Z,26.44,60.751,37.043,routine
2026-10-02T15:00:00Z,26.134,60.521,36.799,routine
2026-10-02T15:30:00Z,26.16,60.907,36.695,routine
2026-10-02T16:00:00Z,25.99,61.791,36.814,routine
2026-10-02T16:30:00Z,25.746,62.193,36.639,routine
2026-10-02T17:00:00Z,,63.929,36.559,sensor outage
2026-10-02T17:30:00Z,25.041,,36.453,sensor outage
2026-10-02T18:00:00Z,24.722,65.966,36.12,routine
2026-10-02T18:30:00Z,24.103,67.372,36.415,routine
2026-10-02T19:00:00Z,23.879,69.041,36.157,routine
2026-10-02T19:30:00Z,23.257,71.073,36.22,routine
2026-10-02T20:00:00Z,22.939,72.13,36.208,routine
2026-10-02T20:30:00Z,22.743,73.395,35.813,routine
2026-10-02T21:00:00Z,21.966,74.886,,sensor outage
2026-10-02T21:30:00Z,21.777,77.365,35.757,routine
2026-10-02T22:00:00Z,21.297,77.831,35.513,routine
2026-10-02T22:30:00Z,20.844,79.515,35.443,routine
2026-10-02T23:00:00Z,20.419,80.825,35.385,routine
2026-10-02T23:30:00Z,20.273,81.621,35.65,routine
