time_min,concentration_mg_L,absorbance_AU,temperature_C,phase
0,81.7802,1.23065,22.969,early
1,77.3603,1.15668,23.101,early
2,73.3135,1.10086,23.119,early
3,69.6611,1.04481,22.991,early
4,66.0403,0.99052,23.075,early
5,62.667,0.9404,23.101,early
6,59.2701,0.88699,23.102,early
7,56.1702,0.84577,23.141,early
8,53.2168,0.79707,23.185,early
9,50.6095,0.75938,23.229,early
10,47.8363,0.7172,23.285,early
11,45.3213,0.67968,23.288,early
12,43.2135,0.64684,23.173,early
13,40.757,0.61105,23.32,early
14,38.885,0.57948,23.208,early
15,36.9312,0.55216,23.283,early
16,34.9268,0.52718,23.286,early
17,33.0957,0.49476,23.355,early
18,31.5802,0.4711,23.332,early
19,30.0926,0.4538,23.298,early
20,28.5467,0.42564,23.333,middle
21,27.1349,0.41069,23.375,middle
22,25.5482,0.38209,23.297,middle
23,24.3644,0.36629,23.346,middle
24,23.3468,0.34736,23.381,middle
25,22.004,0.32697,23.336,middle
26,21.057,0.3159,23.395,middle
27,19.8826,0.29474,23.386,middle
28,18.8334,0.28376,23.442,middle
29,17.9178,0.2694,23.356,middle
30,17.1162,0.25727,23.409,middle
31,16.2694,0.24249,23.423,middle
32,15.6902,0.2347,23.323,middle
33,14.7962,0.22167,23.439,middle
34,14.062,0.21029,23.373,middle
35,13.5541,0.20017,23.434,middle
36,12.6891,0.1917,23.429,middle
37,12.1937,0.17895,23.376,middle
38,11.8009,0.17645,23.369,middle
39,11.2068,0.16463,23.282,middle
40,10.5857,0.15927,23.289,middle
41,10.107,0.15163,23.247,middle
42,9.7358,0.14352,23.332,middle
43,9.3949,0.14119,23.299,middle
44,8.9069,0.13191,23.302,middle
45,8.5147,0.13155,23.243,middle
46,8.0089,0.11816,23.241,middle
47,7.6661,0.11108,23.236,middle
48,7.5523,0.11342,23.206,middle
49,7.198,0.10711,23.139,middle
50,6.9051,0.10725,23.15,middle
51,6.7881,0.09807,23.052,middle
52,6.4961,0.09877,23.159,middle
53,6.0371,0.09082,23.102,middle
54,6.0304,0.09047,23.044,middle
55,5.5268,0.08464,23.013,middle
56,5.6102,0.0806,22.94,middle
57,5.3522,0.0839,23.052,middle
58,4.9694,0.07825,23.01,middle
59,4.7549,0.07169,22.965,middle
60,4.9172,0.07003,22.999,late
61,4.5031,0.06786,22.965,late
62,4.336,0.06894,22.827,late
63,4.3732,0.06174,22.799,late
64,4.2325,0.06382,22.778,late
65,3.8963,0.05927,22.863,late
66,4.0613,0.05849,22.824,late
67,3.8154,0.05512,22.803,late
68,3.7645,0.05851,22.833,late
69,3.756,0.05687,22.728,late
70,3.4142,0.05222,22.796,late
71,3.3182,0.05077,22.768,late
72,3.3729,0.05272,22.755,late
73,3.1849,0.04884,22.758,late
74,3.0172,0.04711,22.661,late
75,3.23,0.04652,22.639,late
76,2.9544,0.04378,22.591,late
77,3.1321,0.04334,22.676,late
78,2.7331,0.04309,22.689,late
79,2.678,0.04071,22.699,late
80,2.9136,0.04651,22.592,late
81,2.5755,0.0408,22.677,late
82,2.7066,0.04104,22.589,late
83,2.6068,0.03797,22.631,late
84,2.6906,0.03714,22.648,late
85,2.5147,0.03976,22.566,late
86,2.3346,0.03133,22.642,late
87,2.45,0.03626,22.648,late
88,2.6036,0.03663,22.566,late
89,2.2217,0.02993,22.548,late
90,2.4699,0.04097,22.568,late
