time_min,reference_kPa,sensor_reading_kPa,bias_kPa,event
0,100.0219,100.1648,0.1429,routine
1,100.0018,99.9355,-0.0663,routine
2,100.0885,100.0546,-0.0339,routine
3,100.115,100.2953,0.1803,routine
4,100.1473,100.3306,0.1833,routine
5,100.14,100.3313,0.1913,routine
6,100.1621,100.3243,0.1622,routine
7,100.1951,100.46,0.2649,routine
8,100.217,100.502,0.285,routine
9,100.2785,100.3488,0.0703,routine
10,100.2432,100.5982,0.355,routine
11,100.2697,100.6623,0.3926,routine
12,100.2542,100.7001,0.4459,routine
13,100.2994,100.5209,0.2215,routine
14,100.3163,100.8127,0.4964,routine
15,100.2771,100.5265,0.2494,routine
16,100.3056,100.7831,0.4775,routine
17,100.2906,100.8539,0.5633,routine
18,100.2288,100.7045,0.4757,routine
19,100.2168,100.7724,0.5556,routine
20,100.2084,100.6463,0.4379,routine
21,100.1068,100.6263,0.5195,routine
22,100.1592,100.8422,0.683,routine
23,100.0363,100.6694,0.6331,routine
24,100.0089,100.5339,0.525,routine
25,100.0328,100.5104,0.4776,routine
26,99.9367,100.6891,0.7524,routine
27,99.921,100.6356,0.7146,routine
28,99.9343,100.6839,0.7496,routine
29,99.849,100.4761,0.6271,routine
30,99.8141,100.4588,0.6447,routine
31,99.7857,100.4564,0.6707,routine
32,99.8169,100.5255,0.7086,routine
33,99.7013,100.3986,0.6973,routine
34,99.6953,108.7664,9.0711,positive spike
35,99.673,100.592,0.919,routine
36,99.6749,100.7329,1.058,routine
37,99.677,100.5925,0.9155,routine
38,99.7191,100.6148,0.8957,routine
39,99.6579,100.6891,1.0312,routine
40,99.7502,100.6763,0.9261,routine
41,99.6888,100.6741,0.9853,routine
42,99.7021,100.8612,1.1591,routine
43,99.7614,100.9236,1.1622,routine
44,99.8067,100.9932,1.1865,routine
45,99.7693,101.014,1.2447,routine
46,99.8416,100.8832,1.0416,routine
47,99.8755,101.053,1.1775,routine
48,99.8882,100.9997,1.1115,routine
49,99.9755,101.1793,1.2038,routine
50,99.9796,101.3852,1.4056,routine
51,99.9978,101.3195,1.3217,routine
52,100.0375,101.2426,1.2051,routine
53,100.1037,101.3274,1.2237,routine
54,100.1262,101.6059,1.4797,routine
55,100.1765,101.403,1.2265,routine
56,100.1744,101.5102,1.3358,routine
57,100.2139,101.7878,1.5739,routine
58,100.2417,101.8427,1.601,routine
59,100.2629,101.6819,1.419,routine
60,100.3314,101.8618,1.5304,routine
61,100.2605,101.6913,1.4308,routine
62,100.2755,101.8544,1.5789,routine
63,100.2703,101.8398,1.5695,routine
64,100.3447,101.931,1.5863,routine
65,100.3279,101.9837,1.6558,routine
66,100.2585,101.9761,1.7176,routine
67,100.2358,101.7956,1.5598,routine
68,100.1984,101.9439,1.7455,routine
69,100.1694,101.9227,1.7533,routine
70,100.1491,103.5987,3.4496,offset step begins
71,100.1858,103.7873,3.6015,routine
72,100.1212,103.7382,3.617,routine
73,100.0476,103.6865,3.6389,routine
74,100.0301,103.589,3.5589,routine
75,100.0019,103.6257,3.6238,routine
76,99.9344,103.6646,3.7302,routine
77,99.9773,103.6947,3.7174,routine
78,99.8585,103.6224,3.7639,routine
79,99.8901,103.5118,3.6217,routine
80,99.853,103.5812,3.7282,routine
81,99.7711,103.4524,3.6813,routine
82,99.7681,103.6284,3.8603,routine
83,99.7541,103.6387,3.8846,routine
84,99.7415,103.5422,3.8007,routine
85,99.6898,103.4384,3.7486,routine
86,99.7287,103.7638,4.0351,routine
87,99.6735,103.587,3.9135,routine
88,99.7256,103.7328,4.0072,routine
89,99.7009,103.6516,3.9507,routine
90,99.6616,103.5902,3.9286,routine
91,99.6918,96.7818,-2.91,negative spike
92,99.7632,103.7132,3.95,routine
93,99.7448,103.676,3.9312,routine
94,99.8158,103.8543,4.0385,routine
95,99.8128,103.8969,4.0841,routine
96,99.8751,104.0226,4.1475,routine
97,99.9125,104.1959,4.2834,routine
98,99.9037,104.2459,4.3422,routine
99,99.9083,103.9903,4.082,routine
100,99.9364,104.2437,4.3073,routine
101,100.0331,104.3418,4.3087,routine
102,100.098,104.3986,4.3006,routine
103,100.1362,104.4911,4.3549,routine
104,100.1284,104.3876,4.2592,routine
105,100.1719,104.6868,4.5149,routine
106,100.188,104.429,4.241,routine
107,100.1675,104.6139,4.4464,routine
108,100.2486,104.5972,4.3486,routine
109,100.2359,104.8097,4.5738,routine
110,100.293,104.8928,4.5998,routine
111,100.3201,104.8615,4.5414,routine
112,100.2774,104.9266,4.6492,routine
113,100.2856,104.7055,4.4199,routine
114,100.3318,104.9583,4.6265,routine
115,100.2979,104.8312,4.5333,routine
116,100.2996,104.8961,4.5965,routine
117,100.2508,104.8989,4.6481,routine
118,100.2452,104.951,4.7058,routine
119,100.2332,104.8662,4.633,routine
