particle_id,population,diameter_um,shape_index,density_g_cm3
P-001,group_a,4.331,0.894,1.299
P-002,group_b,14.223,0.665,1.399
P-003,group_a,4.574,0.876,1.282
P-004,group_b,15.206,0.642,1.435
P-005,group_a,4.521,0.908,1.275
P-006,group_b,14.569,0.656,1.49
P-007,group_a,4.801,0.79,1.283
P-008,group_b,13.719,0.607,1.495
P-009,group_a,5.219,0.846,1.267
P-010,group_b,14.387,0.594,1.426
P-011,group_a,4.288,0.897,1.296
P-012,group_b,15.343,0.664,1.405
P-013,group_a,4.302,0.805,1.306
P-014,group_b,15.005,0.606,1.486
P-015,group_a,4.454,0.821,1.294
P-016,group_b,13.912,0.623,1.442
P-017,group_a,4.954,0.9,1.287
P-018,group_b,13.875,0.655,1.441
P-019,group_a,4.536,0.903,1.267
P-020,group_b,14.067,0.634,1.432
P-021,group_a,5.271,0.861,1.282
P-022,group_b,15.207,0.603,1.46
P-023,group_a,4.249,0.862,1.306
P-024,group_b,15.154,0.624,1.451
P-025,group_a,4.546,0.863,1.323
P-026,group_b,14.813,0.616,1.501
P-027,group_a,4.463,0.858,1.283
P-028,group_b,14.394,0.597,1.496
P-029,group_a,4.56,0.832,1.274
P-030,group_b,13.82,0.649,1.432
P-031,group_a,5.326,0.852,1.281
P-032,group_b,13.978,0.631,1.403
P-033,group_a,4.868,0.89,1.275
P-034,group_b,13.745,0.636,1.404
P-035,group_a,5.213,0.871,1.302
P-036,group_b,13.616,0.609,1.422
P-037,group_a,4.592,0.846,1.263
P-038,group_b,14.282,0.579,1.427
P-039,group_a,5.341,0.889,1.297
P-040,group_b,13.72,0.58,1.41
P-041,group_a,4.328,0.846,1.295
P-042,group_b,13.982,0.583,1.394
P-043,group_a,4.826,0.816,1.285
P-044,group_b,15.221,0.649,1.396
P-045,group_a,4.478,0.795,1.294
P-046,group_b,14.505,0.611,1.423
P-047,group_a,4.807,0.837,1.271
P-048,group_b,15.122,0.625,1.423
P-049,group_a,5,0.848,1.264
P-050,group_b,15.102,0.649,1.408
P-051,group_a,4.63,0.824,1.268
P-052,group_b,15.277,0.584,1.436
P-053,group_a,4.697,0.883,1.275
P-054,group_b,15.108,0.589,1.397
P-055,group_a,4.515,0.815,1.324
P-056,group_b,13.797,0.618,1.47
P-057,group_a,4.441,0.82,1.27
P-058,group_b,13.821,0.584,1.502
P-059,group_a,4.291,0.863,1.264
P-060,group_b,13.681,0.593,1.505
P-061,group_a,4.643,0.85,1.303
P-062,group_b,13.821,0.639,1.465
P-063,group_a,4.829,0.875,1.275
P-064,group_b,15.359,0.626,1.457
P-065,group_a,4.377,0.867,1.264
P-066,group_b,14.427,0.625,1.406
P-067,group_a,4.751,0.825,1.262
P-068,group_b,14.264,0.645,1.416
P-069,group_a,5.054,0.842,1.316
P-070,group_b,14.84,0.635,1.404
P-071,group_a,4.455,0.845,1.335
P-072,group_b,14.207,0.616,1.484
P-073,group_a,5.068,0.792,1.309
P-074,group_b,14.565,0.636,1.391
P-075,group_a,4.627,0.898,1.305
P-076,group_b,13.768,0.632,1.499
P-077,group_a,4.508,0.821,1.267
P-078,group_b,15.359,0.661,1.466
P-079,group_a,4.683,0.807,1.291
P-080,group_b,15.187,0.596,1.482
P-081,group_a,4.546,0.899,1.316
P-082,group_b,15.003,0.657,1.415
P-083,group_a,4.502,0.891,1.333
P-084,group_b,13.873,0.663,1.504
P-085,group_a,4.407,0.797,1.265
P-086,group_b,14.252,0.589,1.498
P-087,group_a,4.712,0.894,1.291
P-088,group_b,15.298,0.605,1.48
P-089,group_a,5.129,0.867,1.31
P-090,group_b,13.743,0.652,1.466
P-091,group_a,4.676,0.798,1.273
P-092,group_b,14.901,0.612,1.461
P-093,group_a,4.418,0.909,1.282
P-094,group_b,14.126,0.657,1.469
P-095,group_a,4.841,0.876,1.277
P-096,group_b,13.876,0.664,1.435
P-097,group_a,4.406,0.868,1.337
P-098,group_b,15.103,0.571,1.508
P-099,group_a,4.8,0.801,1.293
P-100,group_b,14.568,0.616,1.497
P-101,group_a,5.208,0.896,1.298
P-102,group_b,14.93,0.655,1.501
P-103,group_a,4.336,0.88,1.302
P-104,group_b,15.233,0.586,1.464
P-105,group_a,4.304,0.877,1.338
P-106,group_b,14.165,0.611,1.408
P-107,group_a,5.383,0.83,1.264
P-108,group_b,13.61,0.643,1.455
P-109,group_a,5.236,0.849,1.265
P-110,group_b,15.332,0.623,1.399
P-111,group_a,4.782,0.81,1.29
P-112,group_b,14.755,0.636,1.5
P-113,group_a,4.626,0.905,1.304
P-114,group_b,14.174,0.59,1.447
P-115,group_a,5.174,0.877,1.337
P-116,group_b,13.867,0.602,1.501
P-117,group_a,4.836,0.877,1.339
P-118,group_b,14.656,0.644,1.473
P-119,group_a,4.495,0.897,1.285
P-120,group_b,15.277,0.652,1.48
P-121,group_a,5.06,0.858,1.323
P-122,group_b,13.912,0.623,1.481
P-123,group_a,5.219,0.869,1.263
P-124,group_b,14.226,0.62,1.459
P-125,group_a,4.364,0.859,1.292
P-126,group_b,15.38,0.649,1.423
P-127,group_a,4.419,0.841,1.299
P-128,group_b,14.3,0.621,1.441
P-129,group_a,4.874,0.855,1.263
P-130,group_b,13.627,0.605,1.399
P-131,group_a,5.192,0.826,1.295
P-132,group_b,15.234,0.665,1.499
P-133,group_a,4.825,0.898,1.318
P-134,group_b,13.6,0.635,1.475
P-135,group_a,5.1,0.909,1.333
P-136,group_b,14.287,0.607,1.419
P-137,group_a,5.073,0.796,1.312
P-138,group_b,14.323,0.603,1.447
P-139,group_a,5.204,0.803,1.279
P-140,group_b,14.367,0.637,1.418
P-141,group_a,4.974,0.793,1.292
P-142,group_b,15.253,0.578,1.46
P-143,group_a,4.323,0.796,1.318
P-144,group_b,14.617,0.645,1.5
P-145,group_a,4.642,0.875,1.269
P-146,group_b,14.023,0.646,1.441
P-147,group_a,4.685,0.881,1.327
P-148,group_b,15.363,0.607,1.408
P-149,group_a,4.49,0.808,1.265
P-150,group_b,15.104,0.655,1.43
P-151,group_a,5.036,0.798,1.298
P-152,group_b,13.996,0.581,1.433
P-153,group_a,5.255,0.866,1.33
P-154,group_b,15.381,0.635,1.401
P-155,group_a,4.338,0.831,1.318
P-156,group_b,13.822,0.611,1.413
P-157,group_a,4.828,0.857,1.298
P-158,group_b,14.098,0.579,1.409
P-159,group_a,4.744,0.868,1.305
P-160,group_b,14.338,0.573,1.482
