sample_id,site,timestamp_UTC,pH,conductivity_uS_cm,nitrate_mg_L,turbidity_NTU,event
W-001,"Site A, upstream",2026-10-01T06:00:00Z,7.31,354.77,1.373,2.076,routine
W-002,"Site B, meadow",2026-10-01T06:00:00Z,7.111,401.21,2.401,2.595,routine
W-003,"Site C, downstream",2026-10-01T06:00:00Z,6.985,452.27,3.111,4.145,routine
W-004,"Site D, réserve",2026-10-01T06:00:00Z,6.956,505.73,4.119,4.854,routine
W-005,"Site A, upstream",2026-10-01T12:00:00Z,7.281,349.33,1.553,2.214,routine
W-006,"Site B, meadow",2026-10-01T12:00:00Z,7.116,408.08,2.346,2.967,routine
W-007,"Site C, downstream",2026-10-01T12:00:00Z,7.07,451.75,3.026,3.583,routine
W-008,"Site D, réserve",2026-10-01T12:00:00Z,6.846,511.66,3.972,5.03,routine
W-009,"Site A, upstream",2026-10-01T18:00:00Z,7.416,364.94,1.567,1.661,routine
W-010,"Site B, meadow",2026-10-01T18:00:00Z,7.18,406.67,2.437,2.715,routine
W-011,"Site C, downstream",2026-10-01T18:00:00Z,7.016,464.78,3.207,3.463,routine
W-012,"Site D, réserve",2026-10-01T18:00:00Z,6.866,511.52,4.135,4.889,routine
W-013,"Site A, upstream",2026-10-02T00:00:00Z,7.402,361.95,1.491,1.751,routine
W-014,"Site B, meadow",2026-10-02T00:00:00Z,7.24,415.59,2.431,3.087,routine
W-015,"Site C, downstream",2026-10-02T00:00:00Z,7.155,453.49,3.012,3.836,routine
W-016,"Site D, réserve",2026-10-02T00:00:00Z,6.939,517.32,4.123,4.83,routine
W-017,"Site A, upstream",2026-10-02T06:00:00Z,7.4,361.55,1.374,1.817,routine
W-018,"Site B, meadow",2026-10-02T06:00:00Z,7.228,405.5,2.308,2.794,routine
W-019,"Site C, downstream",2026-10-02T06:00:00Z,7.055,467.35,3.182,3.48,routine
W-020,"Site D, réserve",2026-10-02T06:00:00Z,6.947,511.64,4.088,4.634,routine
W-021,"Site A, upstream",2026-10-02T12:00:00Z,7.33,370.81,1.655,2.24,routine
W-022,"Site B, meadow",2026-10-02T12:00:00Z,7.16,416.21,2.297,2.652,routine
W-023,"Site C, downstream",2026-10-02T12:00:00Z,7.054,472.22,3.064,3.74,routine
W-024,"Site D, réserve",2026-10-02T12:00:00Z,6.983,516.7,4.047,4.918,routine
W-025,"Site A, upstream",2026-10-02T18:00:00Z,7.447,371.67,1.595,1.896,routine
W-026,"Site B, meadow",2026-10-02T18:00:00Z,7.227,417.65,2.506,3.041,routine
W-027,"Site C, downstream",2026-10-02T18:00:00Z,7.063,467.34,3.037,3.589,routine
W-028,"Site D, réserve",2026-10-02T18:00:00Z,6.957,519.35,3.901,4.586,routine
W-029,"Site A, upstream",2026-10-03T00:00:00Z,7.308,357.94,1.698,2.012,routine
W-030,"Site B, meadow",2026-10-03T00:00:00Z,7.245,410.87,2.541,2.95,routine
W-031,"Site C, downstream",2026-10-03T00:00:00Z,7.146,458.3,3.337,3.468,routine
W-032,"Site D, réserve",2026-10-03T00:00:00Z,7.012,508.06,3.868,4.676,routine
W-033,"Site A, upstream",2026-10-03T06:00:00Z,7.3,356.35,1.336,2.011,routine
W-034,"Site B, meadow",2026-10-03T06:00:00Z,7.225,417.09,2.334,3.028,routine
W-035,"Site C, downstream",2026-10-03T06:00:00Z,7.119,462.11,3.281,3.544,routine
W-036,"Site D, réserve",2026-10-03T06:00:00Z,6.97,509.93,4.101,5.01,routine
W-037,"Site A, upstream",2026-10-03T12:00:00Z,7.296,367.47,1.578,1.764,routine
W-038,"Site B, meadow",2026-10-03T12:00:00Z,7.142,418.62,2.167,3.035,routine
W-039,"Site C, downstream",2026-10-03T12:00:00Z,6.968,464.16,5.593,10.145,"storm, simulated"
W-040,"Site D, réserve",2026-10-03T12:00:00Z,6.932,506.34,4.123,4.367,routine
W-041,"Site A, upstream",2026-10-03T18:00:00Z,7.243,363.39,1.619,2.203,routine
W-042,"Site B, meadow",2026-10-03T18:00:00Z,7.174,406.89,2.545,2.551,routine
W-043,"Site C, downstream",2026-10-03T18:00:00Z,6.967,464.07,5.332,11.231,"storm, simulated"
W-044,"Site D, réserve",2026-10-03T18:00:00Z,6.933,501.57,4.126,4.997,routine
W-045,"Site A, upstream",2026-10-04T00:00:00Z,7.285,358.77,1.323,2.345,routine
W-046,"Site B, meadow",2026-10-04T00:00:00Z,7.054,406.17,2.324,2.733,routine
W-047,"Site C, downstream",2026-10-04T00:00:00Z,7.019,461.74,5.478,10.043,"storm, simulated"
W-048,"Site D, réserve",2026-10-04T00:00:00Z,6.767,498.59,4.154,4.371,routine
W-049,"Site A, upstream",2026-10-04T06:00:00Z,7.203,356.26,1.356,2.322,routine
W-050,"Site B, meadow",2026-10-04T06:00:00Z,7.104,403.77,2.452,2.692,routine
W-051,"Site C, downstream",2026-10-04T06:00:00Z,6.964,449.07,5.534,10.264,"storm, simulated"
W-052,"Site D, réserve",2026-10-04T06:00:00Z,6.742,502.48,3.973,4.897,routine
W-053,"Site A, upstream",2026-10-04T12:00:00Z,7.211,349.99,1.561,1.889,routine
W-054,"Site B, meadow",2026-10-04T12:00:00Z,7.046,405.49,2.174,3.064,routine
W-055,"Site C, downstream",2026-10-04T12:00:00Z,6.955,453.91,3,4.113,routine
W-056,"Site D, réserve",2026-10-04T12:00:00Z,6.883,501.54,3.887,5.049,routine
W-057,"Site A, upstream",2026-10-04T18:00:00Z,7.165,348.37,1.444,1.884,routine
W-058,"Site B, meadow",2026-10-04T18:00:00Z,7.145,398.46,2.164,2.97,routine
W-059,"Site C, downstream",2026-10-04T18:00:00Z,6.992,441.25,3.336,4.066,routine
W-060,"Site D, réserve",2026-10-04T18:00:00Z,6.801,487.81,4.187,4.381,routine
W-061,"Site A, upstream",2026-10-05T00:00:00Z,7.188,339.46,1.419,2.077,routine
W-062,"Site B, meadow",2026-10-05T00:00:00Z,7.085,397.61,2.204,3.068,routine
W-063,"Site C, downstream",2026-10-05T00:00:00Z,6.976,436.88,3.378,3.608,routine
W-064,"Site D, réserve",2026-10-05T00:00:00Z,6.854,498.84,4.097,4.897,routine
W-065,"Site A, upstream",2026-10-05T06:00:00Z,7.28,333.27,1.321,2.197,routine
W-066,"Site B, meadow",2026-10-05T06:00:00Z,7.015,386.76,2.365,3.105,routine
W-067,"Site C, downstream",2026-10-05T06:00:00Z,6.914,444.74,3.281,3.445,routine
W-068,"Site D, réserve",2026-10-05T06:00:00Z,6.802,489.98,3.939,4.649,routine
W-069,"Site A, upstream",2026-10-05T12:00:00Z,7.326,340.88,1.537,2.287,routine
W-070,"Site B, meadow",2026-10-05T12:00:00Z,7.168,390.02,2.422,2.8,routine
W-071,"Site C, downstream",2026-10-05T12:00:00Z,6.988,440.3,3.367,4.115,routine
W-072,"Site D, réserve",2026-10-05T12:00:00Z,6.855,483.39,3.952,4.787,routine
W-073,"Site A, upstream",2026-10-05T18:00:00Z,7.341,331.37,1.426,1.746,routine
W-074,"Site B, meadow",2026-10-05T18:00:00Z,7.15,380.78,2.286,3.296,routine
W-075,"Site C, downstream",2026-10-05T18:00:00Z,6.992,439.57,3.343,3.443,routine
W-076,"Site D, réserve",2026-10-05T18:00:00Z,6.803,492.99,3.92,4.609,routine
W-077,"Site A, upstream",2026-10-06T00:00:00Z,7.243,332.86,1.35,2.386,routine
W-078,"Site B, meadow",2026-10-06T00:00:00Z,7.159,382.72,2.421,3.007,routine
W-079,"Site C, downstream",2026-10-06T00:00:00Z,7.073,440.08,3.13,3.589,routine
W-080,"Site D, réserve",2026-10-06T00:00:00Z,6.908,481.51,3.996,4.609,routine
