timestamp_UTC,temperature_C,relative_humidity_pct,pressure_hPa,rainfall_mm,condition
2026-10-01T00:00:00Z,7.86,74.18,1016.83,0,dry
2026-10-01T01:00:00Z,7.35,76.38,1016.78,0,dry
2026-10-01T02:00:00Z,7.04,76.18,1016.91,0,dry
2026-10-01T03:00:00Z,6.67,76.42,1016.78,0,dry
2026-10-01T04:00:00Z,8.47,75.07,1017.27,0,dry
2026-10-01T05:00:00Z,8.51,73.64,1017.27,0,dry
2026-10-01T06:00:00Z,10.87,71.81,1016.57,0,dry
2026-10-01T07:00:00Z,12.4,64.16,1016.73,0,dry
2026-10-01T08:00:00Z,13.76,62.69,1016.86,0,dry
2026-10-01T09:00:00Z,16.04,55.91,1016.41,0,dry
2026-10-01T10:00:00Z,17.49,54.18,1017.02,0,dry
2026-10-01T11:00:00Z,18.73,51.73,1016.44,0,dry
2026-10-01T12:00:00Z,20.6,46.77,1016.48,0,dry
2026-10-01T13:00:00Z,20.39,47.12,1016.17,0,dry
2026-10-01T14:00:00Z,20.66,45.33,1016.54,0,dry
2026-10-01T15:00:00Z,20.62,46.25,1016.48,0,dry
2026-10-01T16:00:00Z,20.15,49.53,1015.99,0,dry
2026-10-01T17:00:00Z,19.13,51.62,1015.87,0,dry
2026-10-01T18:00:00Z,17.3,53.25,1015.79,0,dry
2026-10-01T19:00:00Z,15.85,57.14,1015.94,0,dry
2026-10-01T20:00:00Z,14.5,61.68,1015.55,0,dry
2026-10-01T21:00:00Z,11.68,67.23,1015.6,0,dry
2026-10-01T22:00:00Z,10.61,68.14,1014.95,0,dry
2026-10-01T23:00:00Z,8.48,72.91,1014.78,0,dry
2026-10-02T00:00:00Z,8.17,77.18,1014.83,0,dry
2026-10-02T01:00:00Z,7.31,79.28,1014.5,0,dry
2026-10-02T02:00:00Z,7.87,77.22,1015,0,dry
2026-10-02T03:00:00Z,7.64,77.87,1014.68,0,dry
2026-10-02T04:00:00Z,8.02,76,1014.1,0,dry
2026-10-02T05:00:00Z,9.5,72.58,1013.8,0,dry
2026-10-02T06:00:00Z,10.55,69.47,1013.7,0,dry
2026-10-02T07:00:00Z,12.57,66.88,1013.87,0,dry
2026-10-02T08:00:00Z,14.15,63.08,1014.05,0,dry
2026-10-02T09:00:00Z,15.85,59.69,1013.48,0,dry
2026-10-02T10:00:00Z,17.67,55.25,1013.03,0,dry
2026-10-02T11:00:00Z,19.28,49.18,1012.95,0,dry
2026-10-02T12:00:00Z,20.02,49,1013.06,0,dry
2026-10-02T13:00:00Z,21.57,45.19,1012.6,0,dry
2026-10-02T14:00:00Z,20.92,46.25,1012.97,0,dry
2026-10-02T15:00:00Z,20.85,48.38,1012.45,0,dry
2026-10-02T16:00:00Z,20.3,48.41,1011.94,0,dry
2026-10-02T17:00:00Z,19.25,49.98,1012.42,0,dry
2026-10-02T18:00:00Z,17.95,54.6,1012.33,0,dry
2026-10-02T19:00:00Z,16.2,58.7,1012.12,0,dry
2026-10-02T20:00:00Z,14.66,63.26,1011.77,0,dry
2026-10-02T21:00:00Z,11.99,68.04,1011.11,0,dry
2026-10-02T22:00:00Z,10.89,70.89,1011.55,0,dry
2026-10-02T23:00:00Z,9.92,74.06,1010.94,0,dry
2026-10-03T00:00:00Z,8.64,75.05,1011.09,0,dry
2026-10-03T01:00:00Z,8.31,76.86,1011.07,0,dry
2026-10-03T02:00:00Z,7.11,77.53,1010.72,0,dry
2026-10-03T03:00:00Z,8.11,76.69,1010.89,0,dry
2026-10-03T04:00:00Z,8.83,77.01,1010.22,0,dry
2026-10-03T05:00:00Z,9.29,72.39,1010.44,0,dry
2026-10-03T06:00:00Z,11.04,71.44,1010.27,0,dry
2026-10-03T07:00:00Z,12.51,65.51,1010.33,0,dry
2026-10-03T08:00:00Z,14.63,60.79,1010.11,0,dry
2026-10-03T09:00:00Z,15.94,56.92,1010.03,0,dry
2026-10-03T10:00:00Z,17.78,54.55,1010.08,0,dry
2026-10-03T11:00:00Z,20.05,49.01,1009.59,0,dry
2026-10-03T12:00:00Z,20.47,48.86,1009.87,1.44,simulated rain
2026-10-03T13:00:00Z,21.09,44.58,1009.85,2.64,simulated rain
2026-10-03T14:00:00Z,21.97,44.64,1009.71,2.24,simulated rain
2026-10-03T15:00:00Z,21.5,45.25,1009.27,1.32,simulated rain
2026-10-03T16:00:00Z,20.36,49.06,1009.23,1.73,simulated rain
2026-10-03T17:00:00Z,19.27,51.55,1009.44,1.46,simulated rain
2026-10-03T18:00:00Z,18.06,52.81,1009.21,0,dry
2026-10-03T19:00:00Z,16.31,58.29,1009.22,0,dry
2026-10-03T20:00:00Z,14.56,60.65,1008.96,0,dry
2026-10-03T21:00:00Z,12.89,67.04,1009.06,0,dry
2026-10-03T22:00:00Z,11.11,71.75,1008.8,0,dry
2026-10-03T23:00:00Z,9.87,72.44,1008.62,0,dry
2026-10-04T00:00:00Z,8.84,76.9,1009.33,0,dry
2026-10-04T01:00:00Z,8.33,78.29,1008.8,0,dry
2026-10-04T02:00:00Z,7.74,79.49,1008.71,0,dry
2026-10-04T03:00:00Z,8.38,78.69,1008.96,0,dry
2026-10-04T04:00:00Z,8.67,77.5,1009.13,0,dry
2026-10-04T05:00:00Z,10.27,73.66,1009.28,0,dry
2026-10-04T06:00:00Z,11.39,70.52,1009.02,0,dry
2026-10-04T07:00:00Z,12.56,67.34,1009.42,0,dry
2026-10-04T08:00:00Z,15.23,63.12,1008.94,0,dry
2026-10-04T09:00:00Z,16.19,57.15,1009.46,0,dry
2026-10-04T10:00:00Z,18.13,54.75,1009.22,0,dry
2026-10-04T11:00:00Z,19.99,51.13,1009.25,0,dry
2026-10-04T12:00:00Z,21.43,47.28,1009.52,0,dry
2026-10-04T13:00:00Z,21.23,45.47,1009.8,0,dry
2026-10-04T14:00:00Z,22.3,44.32,1010.12,0,dry
2026-10-04T15:00:00Z,21.22,45.17,1009.55,0,dry
2026-10-04T16:00:00Z,20.95,48.77,1009.63,0,dry
2026-10-04T17:00:00Z,19.8,48.78,1009.91,0,dry
2026-10-04T18:00:00Z,18.72,53.58,1009.99,0,dry
2026-10-04T19:00:00Z,16.3,56.22,1010.66,0,dry
2026-10-04T20:00:00Z,15.28,61.19,1010.21,0,dry
2026-10-04T21:00:00Z,13.38,64.51,1010.62,0,dry
2026-10-04T22:00:00Z,11.74,70.27,1010.63,0,dry
2026-10-04T23:00:00Z,10.36,74.93,1011.05,0,dry
2026-10-05T00:00:00Z,9.43,74.02,1010.68,0,dry
2026-10-05T01:00:00Z,8.5,77.91,1011.41,0,dry
2026-10-05T02:00:00Z,7.62,77.23,1010.94,0,dry
2026-10-05T03:00:00Z,8.01,77.8,1011.29,0,dry
2026-10-05T04:00:00Z,9.11,75.1,1011.46,0,dry
2026-10-05T05:00:00Z,9.93,72.79,1011.51,0,dry
2026-10-05T06:00:00Z,11.66,68.74,1011.91,0,dry
2026-10-05T07:00:00Z,13.29,67.72,1011.76,0,dry
2026-10-05T08:00:00Z,14.66,63.1,1011.95,0,dry
2026-10-05T09:00:00Z,17.34,57.16,1012.55,0,dry
2026-10-05T10:00:00Z,19.07,54.73,1012.69,0,dry
2026-10-05T11:00:00Z,20.3,50.5,1012.96,0,dry
2026-10-05T12:00:00Z,21.02,48.08,1012.88,0,dry
2026-10-05T13:00:00Z,21.93,46.24,1012.81,0,dry
2026-10-05T14:00:00Z,22.27,46.99,1013.28,0,dry
2026-10-05T15:00:00Z,21.93,45.2,1013.85,0,dry
2026-10-05T16:00:00Z,20.88,48.63,1013.59,0,dry
2026-10-05T17:00:00Z,19.98,49.1,1013.97,0,dry
2026-10-05T18:00:00Z,18.54,54.66,1014.32,0,dry
2026-10-05T19:00:00Z,16.73,58.39,1014.22,0,dry
2026-10-05T20:00:00Z,15.15,61.19,1014.1,0,dry
2026-10-05T21:00:00Z,13.59,66.04,1014.76,0,dry
2026-10-05T22:00:00Z,12.06,69.07,1014.56,0,dry
2026-10-05T23:00:00Z,9.96,73.98,1014.56,0,dry
2026-10-06T00:00:00Z,9.16,74.17,1014.83,0,dry
2026-10-06T01:00:00Z,8.18,76.35,1015.1,0,dry
2026-10-06T02:00:00Z,7.96,79.19,1015.51,0,dry
2026-10-06T03:00:00Z,9.17,75.47,1015.1,0,dry
2026-10-06T04:00:00Z,10,74.41,1015.23,0,dry
2026-10-06T05:00:00Z,9.99,73.78,1016.08,0,dry
2026-10-06T06:00:00Z,11.77,71.94,1015.68,0,dry
2026-10-06T07:00:00Z,14.18,67.34,1015.73,0,dry
2026-10-06T08:00:00Z,15.28,60.96,1015.78,0,dry
2026-10-06T09:00:00Z,16.99,56.72,1016.52,0,dry
2026-10-06T10:00:00Z,19.34,52.33,1016.42,0,dry
2026-10-06T11:00:00Z,20.91,51.06,1016.63,0,dry
2026-10-06T12:00:00Z,20.97,49.92,1016.41,0,dry
2026-10-06T13:00:00Z,21.72,45.13,1016.57,0,dry
2026-10-06T14:00:00Z,22.69,47.91,1016.52,0,dry
2026-10-06T15:00:00Z,22.62,47.51,1016.91,0,dry
2026-10-06T16:00:00Z,22.05,49.05,1016.71,2.46,simulated rain
2026-10-06T17:00:00Z,19.94,50.71,1016.69,2.01,simulated rain
2026-10-06T18:00:00Z,19.39,52.39,1016.91,1.7,simulated rain
2026-10-06T19:00:00Z,17.45,59.53,1017.21,1.46,simulated rain
2026-10-06T20:00:00Z,15.13,63.9,1017.25,0,dry
2026-10-06T21:00:00Z,13.47,66.45,1017.28,0,dry
2026-10-06T22:00:00Z,12.13,70.26,1016.82,0,dry
2026-10-06T23:00:00Z,10.75,74.12,1017.15,0,dry
2026-10-07T00:00:00Z,10.15,74.23,1016.97,0,dry
2026-10-07T01:00:00Z,9.38,78.41,1016.78,0,dry
2026-10-07T02:00:00Z,9.39,77.49,1017.12,0,dry
2026-10-07T03:00:00Z,8.79,76.56,1017.28,0,dry
2026-10-07T04:00:00Z,9.96,77.26,1016.68,0,dry
2026-10-07T05:00:00Z,11.21,73.1,1016.73,0,dry
2026-10-07T06:00:00Z,12.21,68.53,1017.11,0,dry
2026-10-07T07:00:00Z,14.3,64.76,1016.6,0,dry
2026-10-07T08:00:00Z,15.72,61.29,1016.93,0,dry
2026-10-07T09:00:00Z,17.03,56.37,1016.87,0,dry
2026-10-07T10:00:00Z,19.38,55.58,1016.34,0,dry
2026-10-07T11:00:00Z,20.35,51.22,1016.36,0,dry
2026-10-07T12:00:00Z,21.98,46.49,1016.43,0,dry
2026-10-07T13:00:00Z,22.23,47.28,1016.47,0,dry
2026-10-07T14:00:00Z,23.27,47.39,1016.32,0,dry
2026-10-07T15:00:00Z,22.43,45.55,1015.95,0,dry
2026-10-07T16:00:00Z,22.22,49.03,1015.86,0,dry
2026-10-07T17:00:00Z,20.27,52.61,1015.98,0,dry
2026-10-07T18:00:00Z,19.84,55.23,1016.06,0,dry
2026-10-07T19:00:00Z,17.49,58.68,1015.97,0,dry
2026-10-07T20:00:00Z,15.83,62.13,1015.78,0,dry
2026-10-07T21:00:00Z,13.68,65,1015.66,0,dry
2026-10-07T22:00:00Z,12.88,70.55,1015.21,0,dry
2026-10-07T23:00:00Z,11.2,75.15,1015.28,0,dry
